Sample,Site,Species,Group,Sex,Repro,RepSex,Indiv,Comp,RT,Area
t18_usmP1SI,TZ,SIMP,SITZ,Female,Reproductive,Repro_Female,P1SITZ,B001,2.447,35290005
t57_usmO1SI,TZ,SIMP,SITZ,Female,Non-repro,Non-repro_Female,O1SITZ,B002,2.716,48486882
d19_smP1SO,DM,SOED,SODM,Female,Reproductive,Repro_Female,P1SODM,B002,2.727,85833019
p28_smO1SO,PW,SOED,SOPW,Female,Non-repro,Non-repro_Female,O1SOPW,B003,2.862,240574191
t17_smP1SI,TZ,SIMP,SITZ,Female,Reproductive,Repro_Female,P1SITZ,B004,3.025,57733836
t57_usmO1SI,TZ,SIMP,SITZ,Female,Non-repro,Non-repro_Female,O1SITZ,B005,3.348,78356069
p68_smO2SO,PW,SOED,SOPW,Male,Non-repro,Non-repro_Male,O2SOPW,B005,3.348,89221137
t38_smO1SI,TZ,SIMP,SITZ,Female,Non-repro,Non-repro_Female,O1SITZ,B005,3.38,192368765
p32_smP1SO,PW,SOED,SOPW,Female,Reproductive,Repro_Female,P1SOPW,B006,3.567,123008781
t57_usmO1SI,TZ,SIMP,SITZ,Female,Non-repro,Non-repro_Female,O1SITZ,B006,3.575,341372713
t62_smO2SI,TZ,SIMP,SITZ,Male,Non-repro,Non-repro_Male,O2SITZ,B007,4.628,1456465573
t59_smO2SI,TZ,SIMP,SITZ,Male,Non-repro,Non-repro_Male,O2SITZ,B007,4.685,437354127
t44_usmP1SI,TZ,SIMP,SITZ,Female,Reproductive,Repro_Female,P1SITZ,B007,4.724,192567050
p53_smO1SO,PW,SOED,SOPW,Female,Non-repro,Non-repro_Female,O1SOPW,B008,5.231,25701699
p67_smO1SO,PW,SOED,SOPW,Female,Non-repro,Non-repro_Female,O1SOPW,B008,5.245,30405734
t17_smP1SI,TZ,SIMP,SITZ,Female,Reproductive,Repro_Female,P1SITZ,B009,5.437,45835949
p66_smJ2SO,PW,SOED,SOPW,Male,Non-repro,Non-repro_Male,J2SOPW,B010,5.461,35112019
t29_usmP1SI,TZ,SIMP,SITZ,Female,Reproductive,Repro_Female,P1SITZ,B011,5.49,45063944
d61_smP1SI,DM,SIMP,SIDM,Female,Reproductive,Repro_Female,P1SIDM,B012,6.128,1220432690
t39_smO1SI,TZ,SIMP,SITZ,Female,Non-repro,Non-repro_Female,O1SITZ,B012,6.128,151359035
t40_smJ1SI,TZ,SIMP,SITZ,Female,Non-repro,Non-repro_Female,J1SITZ,B012,6.128,129433710
t57_usmO1SI,TZ,SIMP,SITZ,Female,Non-repro,Non-repro_Female,O1SITZ,B012,6.128,137595880
t17_smP1SI,TZ,SIMP,SITZ,Female,Reproductive,Repro_Female,P1SITZ,B012,6.132,138470853
t22_usmP2SI,TZ,SIMP,SITZ,Male,Reproductive,Repro_Male,P2SITZ,B012,6.132,46591390
t33_smP1SI,TZ,SIMP,SITZ,Female,Reproductive,Repro_Female,P1SITZ,B012,6.132,61659987
t34_smP1SI,TZ,SIMP,SITZ,Female,Reproductive,Repro_Female,P1SITZ,B012,6.132,191034682
t44_usmP1SI,TZ,SIMP,SITZ,Female,Reproductive,Repro_Female,P1SITZ,B012,6.132,166014976
t29_usmP1SI,TZ,SIMP,SITZ,Female,Reproductive,Repro_Female,P1SITZ,B012,6.135,141926992
t59_smO2SI,TZ,SIMP,SITZ,Male,Non-repro,Non-repro_Male,O2SITZ,B012,6.135,264255118
p28_smO1SO,PW,SOED,SOPW,Female,Non-repro,Non-repro_Female,O1SOPW,B012,6.142,112928812
p32_smP1SO,PW,SOED,SOPW,Female,Reproductive,Repro_Female,P1SOPW,B012,6.142,76579339
p15_smP1SO,PW,SOED,SOPW,Female,Reproductive,Repro_Female,P1SOPW,B012,6.146,55149680
p53_smO1SO,PW,SOED,SOPW,Female,Non-repro,Non-repro_Female,O1SOPW,B012,6.146,71075133
p62_smP2SO,PW,SOED,SOPW,Male,Reproductive,Repro_Male,P2SOPW,B012,6.146,88543393
p67_smO1SO,PW,SOED,SOPW,Female,Non-repro,Non-repro_Female,O1SOPW,B012,6.149,46107157
p68_smO2SO,PW,SOED,SOPW,Male,Non-repro,Non-repro_Male,O2SOPW,B012,6.149,77214292
p66_smJ2SO,PW,SOED,SOPW,Male,Non-repro,Non-repro_Male,J2SOPW,B012,6.153,64996926
t38_smO1SI,TZ,SIMP,SITZ,Female,Non-repro,Non-repro_Female,O1SITZ,B012,6.16,124838971
d37_smP1SI,DM,SIMP,SIDM,Female,Reproductive,Repro_Female,P1SIDM,B012,6.164,50646150
d15_smP1SO,DM,SOED,SODM,Female,Reproductive,Repro_Female,P1SODM,B012,6.164,57645009
d71_smP1SI,DM,SIMP,SIDM,Female,Reproductive,Repro_Female,P1SIDM,B012,6.167,115823839
d70_smP2SI,DM,SIMP,SIDM,Male,Reproductive,Repro_Male,P2SIDM,B012,6.171,70445757
d19_smP1SO,DM,SOED,SODM,Female,Reproductive,Repro_Female,P1SODM,B012,6.178,104678098
d35_usmP1SO,DM,SOED,SODM,Female,Reproductive,Repro_Female,P1SODM,B013,6.32,89661062
t62_smO2SI,TZ,SIMP,SITZ,Male,Non-repro,Non-repro_Male,O2SITZ,B014,7.21,34573620
t33_smP1SI,TZ,SIMP,SITZ,Female,Reproductive,Repro_Female,P1SITZ,B014,7.221,25831632
t40_smJ1SI,TZ,SIMP,SITZ,Female,Non-repro,Non-repro_Female,J1SITZ,B014,7.224,31742606
t17_smP1SI,TZ,SIMP,SITZ,Female,Reproductive,Repro_Female,P1SITZ,B014,7.228,44834173
t29_usmP1SI,TZ,SIMP,SITZ,Female,Reproductive,Repro_Female,P1SITZ,B014,7.228,40017829
t34_smP1SI,TZ,SIMP,SITZ,Female,Reproductive,Repro_Female,P1SITZ,B014,7.231,67130308
p32_smP1SO,PW,SOED,SOPW,Female,Reproductive,Repro_Female,P1SOPW,B014,7.249,34774458
p53_smO1SO,PW,SOED,SOPW,Female,Non-repro,Non-repro_Female,O1SOPW,B014,7.263,27222581
t59_smO2SI,TZ,SIMP,SITZ,Male,Non-repro,Non-repro_Male,O2SITZ,B015,7.848,197939155
t33_smP1SI,TZ,SIMP,SITZ,Female,Reproductive,Repro_Female,P1SITZ,B016,7.909,49222686
t17_smP1SI,TZ,SIMP,SITZ,Female,Reproductive,Repro_Female,P1SITZ,B016,7.98,79572532
p32_smP1SO,PW,SOED,SOPW,Female,Reproductive,Repro_Female,P1SOPW,B016,7.997,66039269
t62_smO2SI,TZ,SIMP,SITZ,Male,Non-repro,Non-repro_Male,O2SITZ,B017,8.001,119539061
t57_usmO1SI,TZ,SIMP,SITZ,Female,Non-repro,Non-repro_Female,O1SITZ,B017,8.026,66196185
t40_smJ1SI,TZ,SIMP,SITZ,Female,Non-repro,Non-repro_Female,J1SITZ,B017,8.029,113222390
t59_smO2SI,TZ,SIMP,SITZ,Male,Non-repro,Non-repro_Male,O2SITZ,B017,8.033,114694242
t29_usmP1SI,TZ,SIMP,SITZ,Female,Reproductive,Repro_Female,P1SITZ,B017,8.04,359460161
t44_usmP1SI,TZ,SIMP,SITZ,Female,Reproductive,Repro_Female,P1SITZ,B017,8.04,197442880
p53_smO1SO,PW,SOED,SOPW,Female,Non-repro,Non-repro_Female,O1SOPW,B017,8.04,517729693
t17_smP1SI,TZ,SIMP,SITZ,Female,Reproductive,Repro_Female,P1SITZ,B017,8.043,179491018
t22_usmP2SI,TZ,SIMP,SITZ,Male,Reproductive,Repro_Male,P2SITZ,B017,8.043,66076369
t33_smP1SI,TZ,SIMP,SITZ,Female,Reproductive,Repro_Female,P1SITZ,B017,8.043,107356328
t34_smP1SI,TZ,SIMP,SITZ,Female,Reproductive,Repro_Female,P1SITZ,B017,8.043,226607065
p32_smP1SO,PW,SOED,SOPW,Female,Reproductive,Repro_Female,P1SOPW,B017,8.047,233950955
p15_smP1SO,PW,SOED,SOPW,Female,Reproductive,Repro_Female,P1SOPW,B017,8.054,227469134
p29_smP1SO,PW,SOED,SOPW,Female,Reproductive,Repro_Female,P1SOPW,B017,8.054,194892772
p49_smO1SO,PW,SOED,SOPW,Female,Non-repro,Non-repro_Female,O1SOPW,B017,8.054,293361798
d15_smP1SO,DM,SOED,SODM,Female,Reproductive,Repro_Female,P1SODM,B016,8.058,388806291
p67_smO1SO,PW,SOED,SOPW,Female,Non-repro,Non-repro_Female,O1SOPW,B017,8.065,94777106
p68_smO2SO,PW,SOED,SOPW,Male,Non-repro,Non-repro_Male,O2SOPW,B016,8.068,376474086
p66_smJ2SO,PW,SOED,SOPW,Male,Non-repro,Non-repro_Male,J2SOPW,B017,8.072,104836173
d19_smP1SO,DM,SOED,SODM,Female,Reproductive,Repro_Female,P1SODM,B016,8.178,883378532
p62_smP2SO,PW,SOED,SOPW,Male,Reproductive,Repro_Male,P2SOPW,B016,8.235,1767660025
p62_smP2SO,PW,SOED,SOPW,Male,Reproductive,Repro_Male,P2SOPW,B018,8.405,119378642
p32_smP1SO,PW,SOED,SOPW,Female,Reproductive,Repro_Female,P1SOPW,B019,8.526,51711839
t18_usmP1SI,TZ,SIMP,SITZ,Female,Reproductive,Repro_Female,P1SITZ,B020,8.583,64081206
t22_usmP2SI,TZ,SIMP,SITZ,Male,Reproductive,Repro_Male,P2SITZ,B020,8.607,95372467
p62_smP2SO,PW,SOED,SOPW,Male,Reproductive,Repro_Male,P2SOPW,B020,8.618,38901492
t29_usmP1SI,TZ,SIMP,SITZ,Female,Reproductive,Repro_Female,P1SITZ,B021,8.799,96603926
t33_smP1SI,TZ,SIMP,SITZ,Female,Reproductive,Repro_Female,P1SITZ,B021,8.813,48952724
t34_smP1SI,TZ,SIMP,SITZ,Female,Reproductive,Repro_Female,P1SITZ,B021,8.841,88647337
p49_smO1SO,PW,SOED,SOPW,Female,Non-repro,Non-repro_Female,O1SOPW,B022,8.841,129745780
t17_smP1SI,TZ,SIMP,SITZ,Female,Reproductive,Repro_Female,P1SITZ,B021,8.848,62909770
p53_smO1SO,PW,SOED,SOPW,Female,Non-repro,Non-repro_Female,O1SOPW,B021,8.856,34084514
d15_smP1SO,DM,SOED,SODM,Female,Reproductive,Repro_Female,P1SODM,B023,8.987,35203126
t22_usmP2SI,TZ,SIMP,SITZ,Male,Reproductive,Repro_Male,P2SITZ,B024,9.129,89916197
t44_usmP1SI,TZ,SIMP,SITZ,Female,Reproductive,Repro_Female,P1SITZ,B024,9.136,101069684
p49_smO1SO,PW,SOED,SOPW,Female,Non-repro,Non-repro_Female,O1SOPW,B024,9.136,144991735
t31_smO1SI,TZ,SIMP,SITZ,Female,Non-repro,Non-repro_Female,O1SITZ,B024,9.139,62378142
t17_smP1SI,TZ,SIMP,SITZ,Female,Reproductive,Repro_Female,P1SITZ,B024,9.15,41511179
p32_smP1SO,PW,SOED,SOPW,Female,Reproductive,Repro_Female,P1SOPW,B024,9.189,31770130
p68_smO2SO,PW,SOED,SOPW,Male,Non-repro,Non-repro_Male,O2SOPW,B025,9.189,20588910
p53_smO1SO,PW,SOED,SOPW,Female,Non-repro,Non-repro_Female,O1SOPW,B025,9.2,40028467
d15_smP1SO,DM,SOED,SODM,Female,Reproductive,Repro_Female,P1SODM,B026,9.207,33507297
t29_usmP1SI,TZ,SIMP,SITZ,Female,Reproductive,Repro_Female,P1SITZ,B027,9.292,55124276
t39_smO1SI,TZ,SIMP,SITZ,Female,Non-repro,Non-repro_Female,O1SITZ,B027,9.295,50193485
t57_usmO1SI,TZ,SIMP,SITZ,Female,Non-repro,Non-repro_Female,O1SITZ,B027,9.295,53064075
t33_smP1SI,TZ,SIMP,SITZ,Female,Reproductive,Repro_Female,P1SITZ,B027,9.299,40656537
t40_smJ1SI,TZ,SIMP,SITZ,Female,Non-repro,Non-repro_Female,J1SITZ,B027,9.299,40406316
t59_smO2SI,TZ,SIMP,SITZ,Male,Non-repro,Non-repro_Male,O2SITZ,B027,9.31,51291084
d61_smP1SI,DM,SIMP,SIDM,Female,Reproductive,Repro_Female,P1SIDM,B027,9.32,1142991934
t34_smP1SI,TZ,SIMP,SITZ,Female,Reproductive,Repro_Female,P1SITZ,B027,9.331,76790028
p32_smP1SO,PW,SOED,SOPW,Female,Reproductive,Repro_Female,P1SOPW,B027,9.331,113619545
t17_smP1SI,TZ,SIMP,SITZ,Female,Reproductive,Repro_Female,P1SITZ,B027,9.334,68065005
p15_smP1SO,PW,SOED,SOPW,Female,Reproductive,Repro_Female,P1SOPW,B027,9.334,53664847
p28_smO1SO,PW,SOED,SOPW,Female,Non-repro,Non-repro_Female,O1SOPW,B027,9.334,228286580
p29_smP1SO,PW,SOED,SOPW,Female,Reproductive,Repro_Female,P1SOPW,B027,9.338,73876990
p62_smP2SO,PW,SOED,SOPW,Male,Reproductive,Repro_Male,P2SOPW,B027,9.338,151172402
p68_smO2SO,PW,SOED,SOPW,Male,Non-repro,Non-repro_Male,O2SOPW,B027,9.338,86277301
p53_smO1SO,PW,SOED,SOPW,Female,Non-repro,Non-repro_Female,O1SOPW,B027,9.341,34386454
p67_smO1SO,PW,SOED,SOPW,Female,Non-repro,Non-repro_Female,O1SOPW,B027,9.341,53461640
d70_smP2SI,DM,SIMP,SIDM,Male,Reproductive,Repro_Male,P2SIDM,B027,9.345,57069548
p66_smJ2SO,PW,SOED,SOPW,Male,Non-repro,Non-repro_Male,J2SOPW,B027,9.345,39707737
d71_smP1SI,DM,SIMP,SIDM,Female,Reproductive,Repro_Female,P1SIDM,B027,9.352,95310797
d15_smP1SO,DM,SOED,SODM,Female,Reproductive,Repro_Female,P1SODM,B027,9.356,66423138
t22_usmP2SI,TZ,SIMP,SITZ,Male,Reproductive,Repro_Male,P2SITZ,B028,9.483,69227441
t31_smO1SI,TZ,SIMP,SITZ,Female,Non-repro,Non-repro_Female,O1SITZ,B028,9.49,75521012
t22_usmP2SI,TZ,SIMP,SITZ,Male,Reproductive,Repro_Male,P2SITZ,B029,9.6,37362036
t38_smO1SI,TZ,SIMP,SITZ,Female,Non-repro,Non-repro_Female,O1SITZ,B030,9.771,122940588
d15_smP1SO,DM,SOED,SODM,Female,Reproductive,Repro_Female,P1SODM,B031,9.778,96332368
d34_usmP1SO,DM,SOED,SODM,Female,Reproductive,Repro_Female,P1SODM,B030,9.792,87074262
d61_smP1SI,DM,SIMP,SIDM,Female,Reproductive,Repro_Female,P1SIDM,B030,9.799,817665556
d71_smP1SI,DM,SIMP,SIDM,Female,Reproductive,Repro_Female,P1SIDM,B030,9.803,57626075
d35_usmP1SO,DM,SOED,SODM,Female,Reproductive,Repro_Female,P1SODM,B030,9.803,94113367
d19_smP1SO,DM,SOED,SODM,Female,Reproductive,Repro_Female,P1SODM,B030,9.81,86157573
t17_smP1SI,TZ,SIMP,SITZ,Female,Reproductive,Repro_Female,P1SITZ,B031,10.193,59138985
t62_smO2SI,TZ,SIMP,SITZ,Male,Non-repro,Non-repro_Male,O2SITZ,B032,10.203,38973595
p32_smP1SO,PW,SOED,SOPW,Female,Reproductive,Repro_Female,P1SOPW,B032,10.249,171551126
p67_smO1SO,PW,SOED,SOPW,Female,Non-repro,Non-repro_Female,O1SOPW,B032,10.249,27648352
p15_smP1SO,PW,SOED,SOPW,Female,Reproductive,Repro_Female,P1SOPW,B032,10.253,151815033
p29_smP1SO,PW,SOED,SOPW,Female,Reproductive,Repro_Female,P1SOPW,B032,10.253,156183926
p68_smO2SO,PW,SOED,SOPW,Male,Non-repro,Non-repro_Male,O2SOPW,B032,10.253,48240826
p53_smO1SO,PW,SOED,SOPW,Female,Non-repro,Non-repro_Female,O1SOPW,B032,10.257,48200141
p28_smO1SO,PW,SOED,SOPW,Female,Non-repro,Non-repro_Female,O1SOPW,B032,10.26,202716702
p49_smO1SO,PW,SOED,SOPW,Female,Non-repro,Non-repro_Female,O1SOPW,B032,10.26,150655619
p62_smP2SO,PW,SOED,SOPW,Male,Reproductive,Repro_Male,P2SOPW,B032,10.26,88582961
t17_smP1SI,TZ,SIMP,SITZ,Female,Reproductive,Repro_Female,P1SITZ,B033,10.796,64813343
t22_usmP2SI,TZ,SIMP,SITZ,Male,Reproductive,Repro_Male,P2SITZ,B033,11.008,46018795
t59_smO2SI,TZ,SIMP,SITZ,Male,Non-repro,Non-repro_Male,O2SITZ,B034,11.026,64243813
t29_usmP1SI,TZ,SIMP,SITZ,Female,Reproductive,Repro_Female,P1SITZ,B035,11.076,768292229
t39_smO1SI,TZ,SIMP,SITZ,Female,Non-repro,Non-repro_Female,O1SITZ,B035,11.083,447980674
t40_smJ1SI,TZ,SIMP,SITZ,Female,Non-repro,Non-repro_Female,J1SITZ,B035,11.087,567559855
t57_usmO1SI,TZ,SIMP,SITZ,Female,Non-repro,Non-repro_Female,O1SITZ,B035,11.097,91175901
t18_usmP1SI,TZ,SIMP,SITZ,Female,Reproductive,Repro_Female,P1SITZ,B035,11.101,47861730
t38_smO1SI,TZ,SIMP,SITZ,Female,Non-repro,Non-repro_Female,O1SITZ,B035,11.101,1087229587
t59_smO2SI,TZ,SIMP,SITZ,Male,Non-repro,Non-repro_Male,O2SITZ,B035,11.104,369423014
p53_smO1SO,PW,SOED,SOPW,Female,Non-repro,Non-repro_Female,O1SOPW,B035,11.133,33412028
p67_smO1SO,PW,SOED,SOPW,Female,Non-repro,Non-repro_Female,O1SOPW,B035,11.133,73467030
p68_smO2SO,PW,SOED,SOPW,Male,Non-repro,Non-repro_Male,O2SOPW,B035,11.133,119133006
p29_smP1SO,PW,SOED,SOPW,Female,Reproductive,Repro_Female,P1SOPW,B035,11.14,547946566
p66_smJ2SO,PW,SOED,SOPW,Male,Non-repro,Non-repro_Male,J2SOPW,B035,11.14,83114199
d61_smP1SI,DM,SIMP,SIDM,Female,Reproductive,Repro_Female,P1SIDM,B035,11.143,1116684468
t17_smP1SI,TZ,SIMP,SITZ,Female,Reproductive,Repro_Female,P1SITZ,B035,11.143,108182002
t22_usmP2SI,TZ,SIMP,SITZ,Male,Reproductive,Repro_Male,P2SITZ,B035,11.143,83419190
p28_smO1SO,PW,SOED,SOPW,Female,Non-repro,Non-repro_Female,O1SOPW,B035,11.143,963843574
t44_usmP1SI,TZ,SIMP,SITZ,Female,Reproductive,Repro_Female,P1SITZ,B035,11.15,88474403
d35_usmP1SO,DM,SOED,SODM,Female,Reproductive,Repro_Female,P1SODM,B035,11.15,409549547
p49_smO1SO,PW,SOED,SOPW,Female,Non-repro,Non-repro_Female,O1SOPW,B035,11.15,364302319
d34_usmP1SO,DM,SOED,SODM,Female,Reproductive,Repro_Female,P1SODM,B035,11.157,152885434
p32_smP1SO,PW,SOED,SOPW,Female,Reproductive,Repro_Female,P1SOPW,B035,11.157,115472759
t31_smO1SI,TZ,SIMP,SITZ,Female,Non-repro,Non-repro_Female,O1SITZ,B035,11.161,28729470
d19_smP1SO,DM,SOED,SODM,Female,Reproductive,Repro_Female,P1SODM,B035,11.165,171138991
p62_smP2SO,PW,SOED,SOPW,Male,Reproductive,Repro_Male,P2SOPW,B035,11.168,103385792
d71_smP1SI,DM,SIMP,SIDM,Female,Reproductive,Repro_Female,P1SIDM,B035,11.172,142404604
d15_smP1SO,DM,SOED,SODM,Female,Reproductive,Repro_Female,P1SODM,B035,11.175,73449213
d37_smP1SI,DM,SIMP,SIDM,Female,Reproductive,Repro_Female,P1SIDM,B035,11.179,49508693
d70_smP2SI,DM,SIMP,SIDM,Male,Reproductive,Repro_Male,P2SIDM,B035,11.179,37616806
p67_smO1SO,PW,SOED,SOPW,Female,Non-repro,Non-repro_Female,O1SOPW,B036,11.331,55368143
p68_smO2SO,PW,SOED,SOPW,Male,Non-repro,Non-repro_Male,O2SOPW,B036,11.331,72281071
p66_smJ2SO,PW,SOED,SOPW,Male,Non-repro,Non-repro_Male,J2SOPW,B036,11.338,39399434
p67_smO1SO,PW,SOED,SOPW,Female,Non-repro,Non-repro_Female,O1SOPW,B037,11.672,40706270
p68_smO2SO,PW,SOED,SOPW,Male,Non-repro,Non-repro_Male,O2SOPW,B037,11.675,61477988
p66_smJ2SO,PW,SOED,SOPW,Male,Non-repro,Non-repro_Male,J2SOPW,B037,11.682,27676068
t29_usmP1SI,TZ,SIMP,SITZ,Female,Reproductive,Repro_Female,P1SITZ,B038,11.711,38875599
t40_smJ1SI,TZ,SIMP,SITZ,Female,Non-repro,Non-repro_Female,J1SITZ,B038,11.711,76042010
t62_smO2SI,TZ,SIMP,SITZ,Male,Non-repro,Non-repro_Male,O2SITZ,B038,11.711,49431191
t39_smO1SI,TZ,SIMP,SITZ,Female,Non-repro,Non-repro_Female,O1SITZ,B038,11.714,48525413
t33_smP1SI,TZ,SIMP,SITZ,Female,Reproductive,Repro_Female,P1SITZ,B038,11.718,69892970
t57_usmO1SI,TZ,SIMP,SITZ,Female,Non-repro,Non-repro_Female,O1SITZ,B038,11.718,45678912
t59_smO2SI,TZ,SIMP,SITZ,Male,Non-repro,Non-repro_Male,O2SITZ,B038,11.725,87087649
d61_smP1SI,DM,SIMP,SIDM,Female,Reproductive,Repro_Female,P1SIDM,B039,11.775,214457261
t44_usmP1SI,TZ,SIMP,SITZ,Female,Reproductive,Repro_Female,P1SITZ,B038,11.775,83875675
t34_smP1SI,TZ,SIMP,SITZ,Female,Reproductive,Repro_Female,P1SITZ,B038,11.778,115236762
p28_smO1SO,PW,SOED,SOPW,Female,Non-repro,Non-repro_Female,O1SOPW,B039,11.778,398361120
p68_smO2SO,PW,SOED,SOPW,Male,Non-repro,Non-repro_Male,O2SOPW,B039,11.781,35499815
p15_smP1SO,PW,SOED,SOPW,Female,Reproductive,Repro_Female,P1SOPW,B038,11.782,79377097
p29_smP1SO,PW,SOED,SOPW,Female,Reproductive,Repro_Female,P1SOPW,B038,11.782,100987465
p32_smP1SO,PW,SOED,SOPW,Female,Reproductive,Repro_Female,P1SOPW,B038,11.782,88620389
p49_smO1SO,PW,SOED,SOPW,Female,Non-repro,Non-repro_Female,O1SOPW,B038,11.782,229698140
p53_smO1SO,PW,SOED,SOPW,Female,Non-repro,Non-repro_Female,O1SOPW,B038,11.789,106401213
p62_smP2SO,PW,SOED,SOPW,Male,Reproductive,Repro_Male,P2SOPW,B038,11.792,65366643
p66_smJ2SO,PW,SOED,SOPW,Male,Non-repro,Non-repro_Male,J2SOPW,B038,11.817,45353873
d61_smP1SI,DM,SIMP,SIDM,Female,Reproductive,Repro_Female,P1SIDM,B040,11.973,313172241
p32_smP1SO,PW,SOED,SOPW,Female,Reproductive,Repro_Female,P1SOPW,B041,12.072,103510664
p53_smO1SO,PW,SOED,SOPW,Female,Non-repro,Non-repro_Female,O1SOPW,B041,12.072,108745343
p67_smO1SO,PW,SOED,SOPW,Female,Non-repro,Non-repro_Female,O1SOPW,B041,12.076,183265785
p68_smO2SO,PW,SOED,SOPW,Male,Non-repro,Non-repro_Male,O2SOPW,B041,12.076,343646977
p62_smP2SO,PW,SOED,SOPW,Male,Reproductive,Repro_Male,P2SOPW,B041,12.083,115435576
p63_smP2SO,PW,SOED,SOPW,Male,Reproductive,Repro_Male,P2SOPW,B041,12.083,84800359
p66_smJ2SO,PW,SOED,SOPW,Male,Non-repro,Non-repro_Male,J2SOPW,B041,12.083,184142644
p67_smO1SO,PW,SOED,SOPW,Female,Non-repro,Non-repro_Female,O1SOPW,B044,12.913,134173586
p68_smO2SO,PW,SOED,SOPW,Male,Non-repro,Non-repro_Male,O2SOPW,B044,12.916,202107289
p49_smO1SO,PW,SOED,SOPW,Female,Non-repro,Non-repro_Female,O1SOPW,B044,12.917,86200238
p62_smP2SO,PW,SOED,SOPW,Male,Reproductive,Repro_Male,P2SOPW,B044,12.917,126609109
p53_smO1SO,PW,SOED,SOPW,Female,Non-repro,Non-repro_Female,O1SOPW,B044,12.92,32572486
p66_smJ2SO,PW,SOED,SOPW,Male,Non-repro,Non-repro_Male,J2SOPW,B044,12.927,137884784
p53_smO1SO,PW,SOED,SOPW,Female,Non-repro,Non-repro_Female,O1SOPW,B045,12.988,39389268
t29_usmP1SI,TZ,SIMP,SITZ,Female,Reproductive,Repro_Female,P1SITZ,B046,13.168,61711807
t39_smO1SI,TZ,SIMP,SITZ,Female,Non-repro,Non-repro_Female,O1SITZ,B046,13.176,54391760
t18_usmP1SI,TZ,SIMP,SITZ,Female,Reproductive,Repro_Female,P1SITZ,B046,13.179,54519632
t57_usmO1SI,TZ,SIMP,SITZ,Female,Non-repro,Non-repro_Female,O1SITZ,B046,13.179,45564519
t40_smJ1SI,TZ,SIMP,SITZ,Female,Non-repro,Non-repro_Female,J1SITZ,B046,13.186,54187855
t59_smO2SI,TZ,SIMP,SITZ,Male,Non-repro,Non-repro_Male,O2SITZ,B046,13.197,57594822
p68_smO2SO,PW,SOED,SOPW,Male,Non-repro,Non-repro_Male,O2SOPW,B047,13.3,38759035
t17_smP1SI,TZ,SIMP,SITZ,Female,Reproductive,Repro_Female,P1SITZ,B048,13.41,32027502
t29_usmP1SI,TZ,SIMP,SITZ,Female,Reproductive,Repro_Female,P1SITZ,B049,13.512,55239540
t39_smO1SI,TZ,SIMP,SITZ,Female,Non-repro,Non-repro_Female,O1SITZ,B049,13.512,66420735
t40_smJ1SI,TZ,SIMP,SITZ,Female,Non-repro,Non-repro_Female,J1SITZ,B049,13.512,70154019
t59_smO2SI,TZ,SIMP,SITZ,Male,Non-repro,Non-repro_Male,O2SITZ,B049,13.527,72134246
t22_usmP2SI,TZ,SIMP,SITZ,Male,Reproductive,Repro_Male,P2SITZ,B049,13.569,31677509
p29_smP1SO,PW,SOED,SOPW,Female,Reproductive,Repro_Female,P1SOPW,B049,13.576,95384474
t17_smP1SI,TZ,SIMP,SITZ,Female,Reproductive,Repro_Female,P1SITZ,B049,13.587,33669592
p62_smP2SO,PW,SOED,SOPW,Male,Reproductive,Repro_Male,P2SOPW,B049,13.59,56022236
p53_smO1SO,PW,SOED,SOPW,Female,Non-repro,Non-repro_Female,O1SOPW,B049,13.598,32675798
p66_smJ2SO,PW,SOED,SOPW,Male,Non-repro,Non-repro_Male,J2SOPW,B049,13.601,29578721
p68_smO2SO,PW,SOED,SOPW,Male,Non-repro,Non-repro_Male,O2SOPW,B049,13.601,22346867
t57_usmO1SI,TZ,SIMP,SITZ,Female,Non-repro,Non-repro_Female,O1SITZ,B050,13.605,242714411
t40_smJ1SI,TZ,SIMP,SITZ,Female,Non-repro,Non-repro_Female,J1SITZ,B050,13.651,116036222
t18_usmP1SI,TZ,SIMP,SITZ,Female,Reproductive,Repro_Female,P1SITZ,B050,13.69,75067963
t38_smO1SI,TZ,SIMP,SITZ,Female,Non-repro,Non-repro_Female,O1SITZ,B050,13.704,142444525
p67_smO1SO,PW,SOED,SOPW,Female,Non-repro,Non-repro_Female,O1SOPW,B050,13.722,20752467
p68_smO2SO,PW,SOED,SOPW,Male,Non-repro,Non-repro_Male,O2SOPW,B050,13.743,93629055
p32_smP1SO,PW,SOED,SOPW,Female,Reproductive,Repro_Female,P1SOPW,B050,13.75,30596423
p66_smJ2SO,PW,SOED,SOPW,Male,Non-repro,Non-repro_Male,J2SOPW,B050,13.75,73837226
t18_usmP1SI,TZ,SIMP,SITZ,Female,Reproductive,Repro_Female,P1SITZ,B051,13.835,47491170
t22_usmP2SI,TZ,SIMP,SITZ,Male,Reproductive,Repro_Male,P2SITZ,B051,13.906,155147235
t17_smP1SI,TZ,SIMP,SITZ,Female,Reproductive,Repro_Female,P1SITZ,B051,13.91,58592313
t59_smO2SI,TZ,SIMP,SITZ,Male,Non-repro,Non-repro_Male,O2SITZ,B052,13.938,32293546
p68_smO2SO,PW,SOED,SOPW,Male,Non-repro,Non-repro_Male,O2SOPW,B053,13.952,43029064
p66_smJ2SO,PW,SOED,SOPW,Male,Non-repro,Non-repro_Male,J2SOPW,B053,13.963,21325187
t29_usmP1SI,TZ,SIMP,SITZ,Female,Reproductive,Repro_Female,P1SITZ,B054,14.154,77973747
t62_smO2SI,TZ,SIMP,SITZ,Male,Non-repro,Non-repro_Male,O2SITZ,B054,14.154,37992474
t18_usmP1SI,TZ,SIMP,SITZ,Female,Reproductive,Repro_Female,P1SITZ,B054,14.161,54378099
t60_smJ2SI,TZ,SIMP,SITZ,Male,Non-repro,Non-repro_Male,J2SITZ,B054,14.161,32090133
t39_smO1SI,TZ,SIMP,SITZ,Female,Non-repro,Non-repro_Female,O1SITZ,B054,14.162,42821016
t40_smJ1SI,TZ,SIMP,SITZ,Female,Non-repro,Non-repro_Female,J1SITZ,B054,14.162,50045688
t57_usmO1SI,TZ,SIMP,SITZ,Female,Non-repro,Non-repro_Female,O1SITZ,B054,14.162,67920667
t33_smP1SI,TZ,SIMP,SITZ,Female,Reproductive,Repro_Female,P1SITZ,B054,14.165,35597485
t59_smO2SI,TZ,SIMP,SITZ,Male,Non-repro,Non-repro_Male,O2SITZ,B054,14.172,58599098
t22_usmP2SI,TZ,SIMP,SITZ,Male,Reproductive,Repro_Male,P2SITZ,B054,14.229,130708273
t17_smP1SI,TZ,SIMP,SITZ,Female,Reproductive,Repro_Female,P1SITZ,B054,14.236,106621489
t31_smO1SI,TZ,SIMP,SITZ,Female,Non-repro,Non-repro_Female,O1SITZ,B054,14.236,101837616
t44_usmP1SI,TZ,SIMP,SITZ,Female,Reproductive,Repro_Female,P1SITZ,B054,14.236,77182008
p49_smO1SO,PW,SOED,SOPW,Female,Non-repro,Non-repro_Female,O1SOPW,B054,14.239,70283015
p62_smP2SO,PW,SOED,SOPW,Male,Reproductive,Repro_Male,P2SOPW,B054,14.239,80266366
t34_smP1SI,TZ,SIMP,SITZ,Female,Reproductive,Repro_Female,P1SITZ,B054,14.243,82153239
p32_smP1SO,PW,SOED,SOPW,Female,Reproductive,Repro_Female,P1SOPW,B054,14.243,42390663
d15_smP1SO,DM,SOED,SODM,Female,Reproductive,Repro_Female,P1SODM,B054,14.25,114505137
p63_smP2SO,PW,SOED,SOPW,Male,Reproductive,Repro_Male,P2SOPW,B054,14.25,41865362
d37_smP1SI,DM,SIMP,SIDM,Female,Reproductive,Repro_Female,P1SIDM,B054,14.254,53836112
t39_smO1SI,TZ,SIMP,SITZ,Female,Non-repro,Non-repro_Female,O1SITZ,B055,14.325,85404902
t34_smP1SI,TZ,SIMP,SITZ,Female,Reproductive,Repro_Female,P1SITZ,B055,14.396,133755246
t44_usmP1SI,TZ,SIMP,SITZ,Female,Reproductive,Repro_Female,P1SITZ,B055,14.396,118317945
p29_smP1SO,PW,SOED,SOPW,Female,Reproductive,Repro_Female,P1SOPW,B055,14.399,194296042
p15_smP1SO,PW,SOED,SOPW,Female,Reproductive,Repro_Female,P1SOPW,B055,14.403,63810552
p28_smO1SO,PW,SOED,SOPW,Female,Non-repro,Non-repro_Female,O1SOPW,B055,14.403,292092979
t39_smO1SI,TZ,SIMP,SITZ,Female,Non-repro,Non-repro_Female,O1SITZ,B056,14.484,58150634
t33_smP1SI,TZ,SIMP,SITZ,Female,Reproductive,Repro_Female,P1SITZ,B056,14.488,82111956
t40_smJ1SI,TZ,SIMP,SITZ,Female,Non-repro,Non-repro_Female,J1SITZ,B056,14.488,135744555
t57_usmO1SI,TZ,SIMP,SITZ,Female,Non-repro,Non-repro_Female,O1SITZ,B056,14.491,240686854
t59_smO2SI,TZ,SIMP,SITZ,Male,Non-repro,Non-repro_Male,O2SITZ,B056,14.495,75467329
p32_smP1SO,PW,SOED,SOPW,Female,Reproductive,Repro_Female,P1SOPW,B056,14.583,97514776
p67_smO1SO,PW,SOED,SOPW,Female,Non-repro,Non-repro_Female,O1SOPW,B056,14.583,103046256
t44_usmP1SI,TZ,SIMP,SITZ,Female,Reproductive,Repro_Female,P1SITZ,B056,14.584,89321270
p53_smO1SO,PW,SOED,SOPW,Female,Non-repro,Non-repro_Female,O1SOPW,B056,14.587,665025401
p15_smP1SO,PW,SOED,SOPW,Female,Reproductive,Repro_Female,P1SOPW,B056,14.59,454691364
p68_smO2SO,PW,SOED,SOPW,Male,Non-repro,Non-repro_Male,O2SOPW,B056,14.59,265189874
p29_smP1SO,PW,SOED,SOPW,Female,Reproductive,Repro_Female,P1SOPW,B056,14.594,287788050
d34_usmP1SO,DM,SOED,SODM,Female,Reproductive,Repro_Female,P1SODM,B056,14.598,2147483647
p66_smJ2SO,PW,SOED,SOPW,Male,Non-repro,Non-repro_Male,J2SOPW,B056,14.598,40296008
p49_smO1SO,PW,SOED,SOPW,Female,Non-repro,Non-repro_Female,O1SOPW,B056,14.601,2147483647
p62_smP2SO,PW,SOED,SOPW,Male,Reproductive,Repro_Male,P2SOPW,B056,14.601,1060458575
p63_smP2SO,PW,SOED,SOPW,Male,Reproductive,Repro_Male,P2SOPW,B056,14.601,272215446
p28_smO1SO,PW,SOED,SOPW,Female,Non-repro,Non-repro_Female,O1SOPW,B056,14.605,158989895
d19_smP1SO,DM,SOED,SODM,Female,Reproductive,Repro_Female,P1SODM,B056,14.608,2147483647
d15_smP1SO,DM,SOED,SODM,Female,Reproductive,Repro_Female,P1SODM,B056,14.612,528146199
d35_usmP1SO,DM,SOED,SODM,Female,Reproductive,Repro_Female,P1SODM,B056,14.615,2147483647
d61_smP1SI,DM,SIMP,SIDM,Female,Reproductive,Repro_Female,P1SIDM,B056,14.619,608975109
p67_smO1SO,PW,SOED,SOPW,Female,Non-repro,Non-repro_Female,O1SOPW,B057,14.686,27131988
p68_smO2SO,PW,SOED,SOPW,Male,Non-repro,Non-repro_Male,O2SOPW,B057,14.69,57890696
p66_smJ2SO,PW,SOED,SOPW,Male,Non-repro,Non-repro_Male,J2SOPW,B057,14.701,23372409
t39_smO1SI,TZ,SIMP,SITZ,Female,Non-repro,Non-repro_Female,O1SITZ,B058,14.793,63329555
t57_usmO1SI,TZ,SIMP,SITZ,Female,Non-repro,Non-repro_Female,O1SITZ,B058,14.793,179629902
t33_smP1SI,TZ,SIMP,SITZ,Female,Reproductive,Repro_Female,P1SITZ,B058,14.796,54017947
t40_smJ1SI,TZ,SIMP,SITZ,Female,Non-repro,Non-repro_Female,J1SITZ,B058,14.796,93302978
t59_smO2SI,TZ,SIMP,SITZ,Male,Non-repro,Non-repro_Male,O2SITZ,B058,14.8,48889501
p67_smO1SO,PW,SOED,SOPW,Female,Non-repro,Non-repro_Female,O1SOPW,B058,14.867,29814743
t44_usmP1SI,TZ,SIMP,SITZ,Female,Reproductive,Repro_Female,P1SITZ,B058,14.871,90991816
d34_usmP1SO,DM,SOED,SODM,Female,Reproductive,Repro_Female,P1SODM,B058,14.871,290678442
p29_smP1SO,PW,SOED,SOPW,Female,Reproductive,Repro_Female,P1SOPW,B058,14.871,199231995
d61_smP1SI,DM,SIMP,SIDM,Female,Reproductive,Repro_Female,P1SIDM,B058,14.874,254504394
p15_smP1SO,PW,SOED,SOPW,Female,Reproductive,Repro_Female,P1SOPW,B058,14.874,160095779
p53_smO1SO,PW,SOED,SOPW,Female,Non-repro,Non-repro_Female,O1SOPW,B058,14.874,44954898
p68_smO2SO,PW,SOED,SOPW,Male,Non-repro,Non-repro_Male,O2SOPW,B058,14.874,119987572
d19_smP1SO,DM,SOED,SODM,Female,Reproductive,Repro_Female,P1SODM,B058,14.878,1886468018
d35_usmP1SO,DM,SOED,SODM,Female,Reproductive,Repro_Female,P1SODM,B058,14.878,2147483647
p32_smP1SO,PW,SOED,SOPW,Female,Reproductive,Repro_Female,P1SOPW,B058,14.878,82162634
p28_smO1SO,PW,SOED,SOPW,Female,Non-repro,Non-repro_Female,O1SOPW,B058,14.881,709337479
p49_smO1SO,PW,SOED,SOPW,Female,Non-repro,Non-repro_Female,O1SOPW,B058,14.881,433444633
p62_smP2SO,PW,SOED,SOPW,Male,Reproductive,Repro_Male,P2SOPW,B058,14.881,46731816
t18_usmP1SI,TZ,SIMP,SITZ,Female,Reproductive,Repro_Female,P1SITZ,B059,14.995,30205790
t22_usmP2SI,TZ,SIMP,SITZ,Male,Reproductive,Repro_Male,P2SITZ,B059,15.069,67868551
t17_smP1SI,TZ,SIMP,SITZ,Female,Reproductive,Repro_Female,P1SITZ,B059,15.077,43466567
d37_smP1SI,DM,SIMP,SIDM,Female,Reproductive,Repro_Female,P1SIDM,B059,15.08,275385988
d70_smP2SI,DM,SIMP,SIDM,Male,Reproductive,Repro_Male,P2SIDM,B059,15.083,17921407
d15_smP1SO,DM,SOED,SODM,Female,Reproductive,Repro_Female,P1SODM,B059,15.084,209614164
p62_smP2SO,PW,SOED,SOPW,Male,Reproductive,Repro_Male,P2SOPW,B059,15.084,104473336
t22_usmP2SI,TZ,SIMP,SITZ,Male,Reproductive,Repro_Male,P2SITZ,B060,15.123,36623389
d35_usmP1SO,DM,SOED,SODM,Female,Reproductive,Repro_Female,P1SODM,B060,15.14,199879101
p49_smO1SO,PW,SOED,SOPW,Female,Non-repro,Non-repro_Female,O1SOPW,B061,15.222,108987727
p68_smO2SO,PW,SOED,SOPW,Male,Non-repro,Non-repro_Male,O2SOPW,B062,15.516,36463803
p68_smO2SO,PW,SOED,SOPW,Male,Non-repro,Non-repro_Male,O2SOPW,B063,15.63,34172398
t29_usmP1SI,TZ,SIMP,SITZ,Female,Reproductive,Repro_Female,P1SITZ,B064,15.658,144889716
p68_smO2SO,PW,SOED,SOPW,Male,Non-repro,Non-repro_Male,O2SOPW,B064,15.761,46340636
t29_usmP1SI,TZ,SIMP,SITZ,Female,Reproductive,Repro_Female,P1SITZ,B065,15.775,177230107
d15_smP1SO,DM,SOED,SODM,Female,Reproductive,Repro_Female,P1SODM,B065,15.811,43411954
p62_smP2SO,PW,SOED,SOPW,Male,Reproductive,Repro_Male,P2SOPW,B065,15.828,73993254
t29_usmP1SI,TZ,SIMP,SITZ,Female,Reproductive,Repro_Female,P1SITZ,B066,16.006,65291822
t57_usmO1SI,TZ,SIMP,SITZ,Female,Non-repro,Non-repro_Female,O1SITZ,B066,16.016,50791501
t40_smJ1SI,TZ,SIMP,SITZ,Female,Non-repro,Non-repro_Female,J1SITZ,B066,16.02,45236266
t18_usmP1SI,TZ,SIMP,SITZ,Female,Reproductive,Repro_Female,P1SITZ,B067,16.048,122760940
t22_usmP2SI,TZ,SIMP,SITZ,Male,Reproductive,Repro_Male,P2SITZ,B067,16.133,330590325
t17_smP1SI,TZ,SIMP,SITZ,Female,Reproductive,Repro_Female,P1SITZ,B067,16.141,197570003
p62_smP2SO,PW,SOED,SOPW,Male,Reproductive,Repro_Male,P2SOPW,B067,16.144,59308346
p66_smJ2SO,PW,SOED,SOPW,Male,Non-repro,Non-repro_Male,J2SOPW,B067,16.147,99024638
p63_smP2SO,PW,SOED,SOPW,Male,Reproductive,Repro_Male,P2SOPW,B067,16.151,36355132
t29_usmP1SI,TZ,SIMP,SITZ,Female,Reproductive,Repro_Female,P1SITZ,B068,16.236,47337435
t18_usmP1SI,TZ,SIMP,SITZ,Female,Reproductive,Repro_Female,P1SITZ,B068,16.243,52515837
t40_smJ1SI,TZ,SIMP,SITZ,Female,Non-repro,Non-repro_Female,J1SITZ,B068,16.243,38663401
t22_usmP2SI,TZ,SIMP,SITZ,Male,Reproductive,Repro_Male,P2SITZ,B068,16.311,216663556
t31_smO1SI,TZ,SIMP,SITZ,Female,Non-repro,Non-repro_Female,O1SITZ,B068,16.314,147137284
t34_smP1SI,TZ,SIMP,SITZ,Female,Reproductive,Repro_Female,P1SITZ,B068,16.318,68613774
t17_smP1SI,TZ,SIMP,SITZ,Female,Reproductive,Repro_Female,P1SITZ,B068,16.321,102240972
p53_smO1SO,PW,SOED,SOPW,Female,Non-repro,Non-repro_Female,O1SOPW,B069,16.325,89173657
p62_smP2SO,PW,SOED,SOPW,Male,Reproductive,Repro_Male,P2SOPW,B069,16.35,223828151
t29_usmP1SI,TZ,SIMP,SITZ,Female,Reproductive,Repro_Female,P1SITZ,B070,16.58,161369825
t60_smJ2SI,TZ,SIMP,SITZ,Male,Non-repro,Non-repro_Male,J2SITZ,B070,16.584,45434749
t62_smO2SI,TZ,SIMP,SITZ,Male,Non-repro,Non-repro_Male,O2SITZ,B070,16.584,54105086
t40_smJ1SI,TZ,SIMP,SITZ,Female,Non-repro,Non-repro_Female,J1SITZ,B070,16.587,131968462
t18_usmP1SI,TZ,SIMP,SITZ,Female,Reproductive,Repro_Female,P1SITZ,B070,16.591,97544705
t39_smO1SI,TZ,SIMP,SITZ,Female,Non-repro,Non-repro_Female,O1SITZ,B070,16.591,113643039
t57_usmO1SI,TZ,SIMP,SITZ,Female,Non-repro,Non-repro_Female,O1SITZ,B070,16.591,157650344
t33_smP1SI,TZ,SIMP,SITZ,Female,Reproductive,Repro_Female,P1SITZ,B070,16.595,95337148
t38_smO1SI,TZ,SIMP,SITZ,Female,Non-repro,Non-repro_Female,O1SITZ,B070,16.602,87703666
t59_smO2SI,TZ,SIMP,SITZ,Male,Non-repro,Non-repro_Male,O2SITZ,B070,16.602,100688879
d35_usmP1SO,DM,SOED,SODM,Female,Reproductive,Repro_Female,P1SODM,B071,16.659,121164234
t22_usmP2SI,TZ,SIMP,SITZ,Male,Reproductive,Repro_Male,P2SITZ,B070,16.672,338620153
t31_smO1SI,TZ,SIMP,SITZ,Female,Non-repro,Non-repro_Female,O1SITZ,B070,16.676,136740436
t44_usmP1SI,TZ,SIMP,SITZ,Female,Reproductive,Repro_Female,P1SITZ,B070,16.676,169890504
t17_smP1SI,TZ,SIMP,SITZ,Female,Reproductive,Repro_Female,P1SITZ,B070,16.68,154180608
t34_smP1SI,TZ,SIMP,SITZ,Female,Reproductive,Repro_Female,P1SITZ,B070,16.68,164728724
p68_smO2SO,PW,SOED,SOPW,Male,Non-repro,Non-repro_Male,O2SOPW,B072,16.687,26813390
p28_smO1SO,PW,SOED,SOPW,Female,Non-repro,Non-repro_Female,O1SOPW,B072,16.69,66700287
p32_smP1SO,PW,SOED,SOPW,Female,Reproductive,Repro_Female,P1SOPW,B072,16.69,29505232
d71_smP1SI,DM,SIMP,SIDM,Female,Reproductive,Repro_Female,P1SIDM,B072,16.701,58347897
t22_usmP2SI,TZ,SIMP,SITZ,Male,Reproductive,Repro_Male,P2SITZ,B073,16.768,57273929
t17_smP1SI,TZ,SIMP,SITZ,Female,Reproductive,Repro_Female,P1SITZ,B073,16.783,55008222
t31_smO1SI,TZ,SIMP,SITZ,Female,Non-repro,Non-repro_Female,O1SITZ,B073,16.793,54977619
d15_smP1SO,DM,SOED,SODM,Female,Reproductive,Repro_Female,P1SODM,B074,16.839,31687746
p66_smJ2SO,PW,SOED,SOPW,Male,Non-repro,Non-repro_Male,J2SOPW,B075,16.907,19789029
p53_smO1SO,PW,SOED,SOPW,Female,Non-repro,Non-repro_Female,O1SOPW,B075,16.924,35866409
p62_smP2SO,PW,SOED,SOPW,Male,Reproductive,Repro_Male,P2SOPW,B075,16.946,51944430
t57_usmO1SI,TZ,SIMP,SITZ,Female,Non-repro,Non-repro_Female,O1SITZ,B075,16.988,106824583
t18_usmP1SI,TZ,SIMP,SITZ,Female,Reproductive,Repro_Female,P1SITZ,B075,16.992,97731986
t39_smO1SI,TZ,SIMP,SITZ,Female,Non-repro,Non-repro_Female,O1SITZ,B075,16.992,61687511
t22_usmP2SI,TZ,SIMP,SITZ,Male,Reproductive,Repro_Male,P2SITZ,B075,17.006,59897118
t31_smO1SI,TZ,SIMP,SITZ,Female,Non-repro,Non-repro_Female,O1SITZ,B075,17.009,37556331
d19_smP1SO,DM,SOED,SODM,Female,Reproductive,Repro_Female,P1SODM,B075,17.01,142627588
d35_usmP1SO,DM,SOED,SODM,Female,Reproductive,Repro_Female,P1SODM,B075,17.01,366659669
d15_smP1SO,DM,SOED,SODM,Female,Reproductive,Repro_Female,P1SODM,B075,17.02,67221784
t29_usmP1SI,TZ,SIMP,SITZ,Female,Reproductive,Repro_Female,P1SITZ,B076,17.038,220092654
t18_usmP1SI,TZ,SIMP,SITZ,Female,Reproductive,Repro_Female,P1SITZ,B077,17.098,30232633
t22_usmP2SI,TZ,SIMP,SITZ,Male,Reproductive,Repro_Male,P2SITZ,B078,17.449,41481094
p29_smP1SO,PW,SOED,SOPW,Female,Reproductive,Repro_Female,P1SOPW,B079,17.768,123509638
t29_usmP1SI,TZ,SIMP,SITZ,Female,Reproductive,Repro_Female,P1SITZ,B080,17.974,43235960
t39_smO1SI,TZ,SIMP,SITZ,Female,Non-repro,Non-repro_Female,O1SITZ,B080,17.974,66596725
t57_usmO1SI,TZ,SIMP,SITZ,Female,Non-repro,Non-repro_Female,O1SITZ,B081,17.974,58376117
t33_smP1SI,TZ,SIMP,SITZ,Female,Reproductive,Repro_Female,P1SITZ,B080,17.985,63181936
t22_usmP2SI,TZ,SIMP,SITZ,Male,Reproductive,Repro_Male,P2SITZ,B081,18.059,37129764
t34_smP1SI,TZ,SIMP,SITZ,Female,Reproductive,Repro_Female,P1SITZ,B081,18.059,96801044
d15_smP1SO,DM,SOED,SODM,Female,Reproductive,Repro_Female,P1SODM,B082,18.059,108239742
t17_smP1SI,TZ,SIMP,SITZ,Female,Reproductive,Repro_Female,P1SITZ,B081,18.063,37064946
t22_usmP2SI,TZ,SIMP,SITZ,Male,Reproductive,Repro_Male,P2SITZ,B083,18.272,47171937
t17_smP1SI,TZ,SIMP,SITZ,Female,Reproductive,Repro_Female,P1SITZ,B083,18.279,36792498
t31_smO1SI,TZ,SIMP,SITZ,Female,Non-repro,Non-repro_Female,O1SITZ,B083,18.279,36350294
d15_smP1SO,DM,SOED,SODM,Female,Reproductive,Repro_Female,P1SODM,B084,18.496,45316618
d35_usmP1SO,DM,SOED,SODM,Female,Reproductive,Repro_Female,P1SODM,B084,18.503,102582800
p53_smO1SO,PW,SOED,SOPW,Female,Non-repro,Non-repro_Female,O1SOPW,B085,18.68,32933914
t22_usmP2SI,TZ,SIMP,SITZ,Male,Reproductive,Repro_Male,P2SITZ,B086,18.783,32468055
t17_smP1SI,TZ,SIMP,SITZ,Female,Reproductive,Repro_Female,P1SITZ,B086,18.794,34373142
p66_smJ2SO,PW,SOED,SOPW,Male,Non-repro,Non-repro_Male,J2SOPW,B086,18.797,52543959
d71_smP1SI,DM,SIMP,SIDM,Female,Reproductive,Repro_Female,P1SIDM,B087,18.879,74437908
d19_smP1SO,DM,SOED,SODM,Female,Reproductive,Repro_Female,P1SODM,B087,18.882,97310464
d35_usmP1SO,DM,SOED,SODM,Female,Reproductive,Repro_Female,P1SODM,B087,18.889,120107795
t29_usmP1SI,TZ,SIMP,SITZ,Female,Reproductive,Repro_Female,P1SITZ,B088,18.988,2147483647
t39_smO1SI,TZ,SIMP,SITZ,Female,Non-repro,Non-repro_Female,O1SITZ,B088,18.992,2147483647
t18_usmP1SI,TZ,SIMP,SITZ,Female,Reproductive,Repro_Female,P1SITZ,B088,18.996,421536571
t33_smP1SI,TZ,SIMP,SITZ,Female,Reproductive,Repro_Female,P1SITZ,B088,18.996,2147483647
t40_smJ1SI,TZ,SIMP,SITZ,Female,Non-repro,Non-repro_Female,J1SITZ,B088,18.996,2147483647
t62_smO2SI,TZ,SIMP,SITZ,Male,Non-repro,Non-repro_Male,O2SITZ,B088,18.996,76526352
t59_smO2SI,TZ,SIMP,SITZ,Male,Non-repro,Non-repro_Male,O2SITZ,B088,19.006,1308832533
t57_usmO1SI,TZ,SIMP,SITZ,Female,Non-repro,Non-repro_Female,O1SITZ,B088,19.017,2147483647
t38_smO1SI,TZ,SIMP,SITZ,Female,Non-repro,Non-repro_Female,O1SITZ,B088,19.049,2147483647
t59_smO2SI,TZ,SIMP,SITZ,Male,Non-repro,Non-repro_Male,O2SITZ,B089,19.084,61087882
p32_smP1SO,PW,SOED,SOPW,Female,Reproductive,Repro_Female,P1SOPW,B088,19.095,1196658467
p53_smO1SO,PW,SOED,SOPW,Female,Non-repro,Non-repro_Female,O1SOPW,B088,19.095,1983259210
p67_smO1SO,PW,SOED,SOPW,Female,Non-repro,Non-repro_Female,O1SOPW,B088,19.095,532522566
p68_smO2SO,PW,SOED,SOPW,Male,Non-repro,Non-repro_Male,O2SOPW,B088,19.095,1934657247
p15_smP1SO,PW,SOED,SOPW,Female,Reproductive,Repro_Female,P1SOPW,B088,19.098,2147483647
t17_smP1SI,TZ,SIMP,SITZ,Female,Reproductive,Repro_Female,P1SITZ,B088,19.102,2147483647
t22_usmP2SI,TZ,SIMP,SITZ,Male,Reproductive,Repro_Male,P2SITZ,B088,19.102,44333168
p62_smP2SO,PW,SOED,SOPW,Male,Reproductive,Repro_Male,P2SOPW,B088,19.105,338597460
p63_smP2SO,PW,SOED,SOPW,Male,Reproductive,Repro_Male,P2SOPW,B088,19.105,181731596
d70_smP2SI,DM,SIMP,SIDM,Male,Reproductive,Repro_Male,P2SIDM,B088,19.109,665986008
p29_smP1SO,PW,SOED,SOPW,Female,Reproductive,Repro_Female,P1SOPW,B088,19.109,2147483647
d15_smP1SO,DM,SOED,SODM,Female,Reproductive,Repro_Female,P1SODM,B088,19.113,315683599
p66_smJ2SO,PW,SOED,SOPW,Male,Non-repro,Non-repro_Male,J2SOPW,B088,19.113,91963504
d71_smP1SI,DM,SIMP,SIDM,Female,Reproductive,Repro_Female,P1SIDM,B088,19.116,2147483647
d34_usmP1SO,DM,SOED,SODM,Female,Reproductive,Repro_Female,P1SODM,B088,19.12,2147483647
p28_smO1SO,PW,SOED,SOPW,Female,Non-repro,Non-repro_Female,O1SOPW,B088,19.12,2147483647
d37_smP1SI,DM,SIMP,SIDM,Female,Reproductive,Repro_Female,P1SIDM,B088,19.123,140671654
t34_smP1SI,TZ,SIMP,SITZ,Female,Reproductive,Repro_Female,P1SITZ,B088,19.123,2147483647
d19_smP1SO,DM,SOED,SODM,Female,Reproductive,Repro_Female,P1SODM,B088,19.123,2147483647
t44_usmP1SI,TZ,SIMP,SITZ,Female,Reproductive,Repro_Female,P1SITZ,B088,19.127,2147483647
p49_smO1SO,PW,SOED,SOPW,Female,Non-repro,Non-repro_Female,O1SOPW,B088,19.13,2147483647
d35_usmP1SO,DM,SOED,SODM,Female,Reproductive,Repro_Female,P1SODM,B088,19.148,2147483647
t22_usmP2SI,TZ,SIMP,SITZ,Male,Reproductive,Repro_Male,P2SITZ,B089,19.169,31808300
d61_smP1SI,DM,SIMP,SIDM,Female,Reproductive,Repro_Female,P1SIDM,B088,19.208,2147483647
t39_smO1SI,TZ,SIMP,SITZ,Female,Non-repro,Non-repro_Female,O1SITZ,B090,19.368,211714859
t38_smO1SI,TZ,SIMP,SITZ,Female,Non-repro,Non-repro_Female,O1SITZ,B090,19.372,355207681
t29_usmP1SI,TZ,SIMP,SITZ,Female,Reproductive,Repro_Female,P1SITZ,B090,19.375,848603735
t57_usmO1SI,TZ,SIMP,SITZ,Female,Non-repro,Non-repro_Female,O1SITZ,B090,19.375,232609576
t59_smO2SI,TZ,SIMP,SITZ,Male,Non-repro,Non-repro_Male,O2SITZ,B090,19.4,223535033
t40_smJ1SI,TZ,SIMP,SITZ,Female,Non-repro,Non-repro_Female,J1SITZ,B090,19.411,117522507
t33_smP1SI,TZ,SIMP,SITZ,Female,Reproductive,Repro_Female,P1SITZ,B090,19.421,198019990
t22_usmP2SI,TZ,SIMP,SITZ,Male,Reproductive,Repro_Male,P2SITZ,B090,19.439,66939808
p67_smO1SO,PW,SOED,SOPW,Female,Non-repro,Non-repro_Female,O1SOPW,B090,19.442,155208943
t44_usmP1SI,TZ,SIMP,SITZ,Female,Reproductive,Repro_Female,P1SITZ,B090,19.443,1130199106
t17_smP1SI,TZ,SIMP,SITZ,Female,Reproductive,Repro_Female,P1SITZ,B090,19.446,64815442
t34_smP1SI,TZ,SIMP,SITZ,Female,Reproductive,Repro_Female,P1SITZ,B090,19.446,400308629
p15_smP1SO,PW,SOED,SOPW,Female,Reproductive,Repro_Female,P1SOPW,B090,19.446,1252874759
p28_smO1SO,PW,SOED,SOPW,Female,Non-repro,Non-repro_Female,O1SOPW,B090,19.449,1334106093
d19_smP1SO,DM,SOED,SODM,Female,Reproductive,Repro_Female,P1SODM,B090,19.45,293418676
d34_usmP1SO,DM,SOED,SODM,Female,Reproductive,Repro_Female,P1SODM,B090,19.45,196816258
d35_usmP1SO,DM,SOED,SODM,Female,Reproductive,Repro_Female,P1SODM,B090,19.45,483132814
d15_smP1SO,DM,SOED,SODM,Female,Reproductive,Repro_Female,P1SODM,B090,19.453,158468968
p68_smO2SO,PW,SOED,SOPW,Male,Non-repro,Non-repro_Male,O2SOPW,B090,19.453,107054469
p32_smP1SO,PW,SOED,SOPW,Female,Reproductive,Repro_Female,P1SOPW,B090,19.46,97889213
p66_smJ2SO,PW,SOED,SOPW,Male,Non-repro,Non-repro_Male,J2SOPW,B090,19.464,58833525
p49_smO1SO,PW,SOED,SOPW,Female,Non-repro,Non-repro_Female,O1SOPW,B090,19.481,65519923
p32_smP1SO,PW,SOED,SOPW,Female,Reproductive,Repro_Female,P1SOPW,B091,19.538,135366441
t17_smP1SI,TZ,SIMP,SITZ,Female,Reproductive,Repro_Female,P1SITZ,B092,19.542,40116237
t60_smJ2SI,TZ,SIMP,SITZ,Male,Non-repro,Non-repro_Male,J2SITZ,B093,19.875,34077082
t29_usmP1SI,TZ,SIMP,SITZ,Female,Reproductive,Repro_Female,P1SITZ,B093,19.882,73999137
t18_usmP1SI,TZ,SIMP,SITZ,Female,Reproductive,Repro_Female,P1SITZ,B093,19.886,97129572
t39_smO1SI,TZ,SIMP,SITZ,Female,Non-repro,Non-repro_Female,O1SITZ,B093,19.886,55654712
t40_smJ1SI,TZ,SIMP,SITZ,Female,Non-repro,Non-repro_Female,J1SITZ,B093,19.886,62043898
t33_smP1SI,TZ,SIMP,SITZ,Female,Reproductive,Repro_Female,P1SITZ,B093,19.889,50782634
t59_smO2SI,TZ,SIMP,SITZ,Male,Non-repro,Non-repro_Male,O2SITZ,B093,19.896,59032525
t22_usmP2SI,TZ,SIMP,SITZ,Male,Reproductive,Repro_Male,P2SITZ,B093,19.982,194655202
t17_smP1SI,TZ,SIMP,SITZ,Female,Reproductive,Repro_Female,P1SITZ,B093,19.989,147976804
p32_smP1SO,PW,SOED,SOPW,Female,Reproductive,Repro_Female,P1SOPW,B093,19.989,49065054
t31_smO1SI,TZ,SIMP,SITZ,Female,Non-repro,Non-repro_Female,O1SITZ,B093,19.992,47286639
t34_smP1SI,TZ,SIMP,SITZ,Female,Reproductive,Repro_Female,P1SITZ,B093,19.996,92022438
t17_smP1SI,TZ,SIMP,SITZ,Female,Reproductive,Repro_Female,P1SITZ,B094,20.149,41882895
p32_smP1SO,PW,SOED,SOPW,Female,Reproductive,Repro_Female,P1SOPW,B095,20.811,47540368
p32_smP1SO,PW,SOED,SOPW,Female,Reproductive,Repro_Female,P1SOPW,B096,21.035,28697731
p53_smO1SO,PW,SOED,SOPW,Female,Non-repro,Non-repro_Female,O1SOPW,B096,21.155,20938121
p66_smJ2SO,PW,SOED,SOPW,Male,Non-repro,Non-repro_Male,J2SOPW,B096,21.166,18332332
d34_usmP1SO,DM,SOED,SODM,Female,Reproductive,Repro_Female,P1SODM,B097,21.241,138485520
d71_smP1SI,DM,SIMP,SIDM,Female,Reproductive,Repro_Female,P1SIDM,B097,21.255,378053969
t29_usmP1SI,TZ,SIMP,SITZ,Female,Reproductive,Repro_Female,P1SITZ,B098,21.461,37211047
d19_smP1SO,DM,SOED,SODM,Female,Reproductive,Repro_Female,P1SODM,B099,21.471,187849754
d35_usmP1SO,DM,SOED,SODM,Female,Reproductive,Repro_Female,P1SODM,B099,21.472,182709860
d61_smP1SI,DM,SIMP,SIDM,Female,Reproductive,Repro_Female,P1SIDM,B099,21.479,774356468
t22_usmP2SI,TZ,SIMP,SITZ,Male,Reproductive,Repro_Male,P2SITZ,B098,21.578,35328052
t17_smP1SI,TZ,SIMP,SITZ,Female,Reproductive,Repro_Female,P1SITZ,B098,21.589,38785679
t22_usmP2SI,TZ,SIMP,SITZ,Male,Reproductive,Repro_Male,P2SITZ,B100,22.053,52216466
t17_smP1SI,TZ,SIMP,SITZ,Female,Reproductive,Repro_Female,P1SITZ,B100,22.068,47447879
p62_smP2SO,PW,SOED,SOPW,Male,Reproductive,Repro_Male,P2SOPW,B101,22.163,217098254
p67_smO1SO,PW,SOED,SOPW,Female,Non-repro,Non-repro_Female,O1SOPW,B102,22.475,33417604
t29_usmP1SI,TZ,SIMP,SITZ,Female,Reproductive,Repro_Female,P1SITZ,B103,22.482,334517602
t57_usmO1SI,TZ,SIMP,SITZ,Female,Non-repro,Non-repro_Female,O1SITZ,B103,22.482,191112400
p66_smJ2SO,PW,SOED,SOPW,Male,Non-repro,Non-repro_Male,J2SOPW,B102,22.485,60594810
t39_smO1SI,TZ,SIMP,SITZ,Female,Non-repro,Non-repro_Female,O1SITZ,B103,22.486,244988554
t40_smJ1SI,TZ,SIMP,SITZ,Female,Non-repro,Non-repro_Female,J1SITZ,B103,22.486,267049443
d19_smP1SO,DM,SOED,SODM,Female,Reproductive,Repro_Female,P1SODM,B102,22.489,74600455
d37_smP1SI,DM,SIMP,SIDM,Female,Reproductive,Repro_Female,P1SIDM,B102,22.493,89371824
t33_smP1SI,TZ,SIMP,SITZ,Female,Reproductive,Repro_Female,P1SITZ,B103,22.493,247062178
d15_smP1SO,DM,SOED,SODM,Female,Reproductive,Repro_Female,P1SODM,B102,22.496,112208116
p62_smP2SO,PW,SOED,SOPW,Male,Reproductive,Repro_Male,P2SOPW,B104,22.741,98769532
p49_smO1SO,PW,SOED,SOPW,Female,Non-repro,Non-repro_Female,O1SOPW,B104,22.744,67761914
p63_smP2SO,PW,SOED,SOPW,Male,Reproductive,Repro_Male,P2SOPW,B104,22.744,35269810
t60_smJ2SI,TZ,SIMP,SITZ,Male,Non-repro,Non-repro_Male,J2SITZ,B105,23.053,169067711
t62_smO2SI,TZ,SIMP,SITZ,Male,Non-repro,Non-repro_Male,O2SITZ,B105,23.057,165660621
t33_smP1SI,TZ,SIMP,SITZ,Female,Reproductive,Repro_Female,P1SITZ,B105,23.067,56379470
t39_smO1SI,TZ,SIMP,SITZ,Female,Non-repro,Non-repro_Female,O1SITZ,B105,23.067,273543648
t40_smJ1SI,TZ,SIMP,SITZ,Female,Non-repro,Non-repro_Female,J1SITZ,B105,23.067,251278168
t57_usmO1SI,TZ,SIMP,SITZ,Female,Non-repro,Non-repro_Female,O1SITZ,B105,23.067,182028015
t38_smO1SI,TZ,SIMP,SITZ,Female,Non-repro,Non-repro_Female,O1SITZ,B105,23.078,429585595
t59_smO2SI,TZ,SIMP,SITZ,Male,Non-repro,Non-repro_Male,O2SITZ,B105,23.078,190160444
p53_smO1SO,PW,SOED,SOPW,Female,Non-repro,Non-repro_Female,O1SOPW,B106,23.142,26388819
t44_usmP1SI,TZ,SIMP,SITZ,Female,Reproductive,Repro_Female,P1SITZ,B105,23.184,234212546
t34_smP1SI,TZ,SIMP,SITZ,Female,Reproductive,Repro_Female,P1SITZ,B105,23.188,88419721
d61_smP1SI,DM,SIMP,SIDM,Female,Reproductive,Repro_Female,P1SIDM,B107,23.238,1622337410
d19_smP1SO,DM,SOED,SODM,Female,Reproductive,Repro_Female,P1SODM,B107,23.241,161271240
t60_smJ2SI,TZ,SIMP,SITZ,Male,Non-repro,Non-repro_Male,J2SITZ,B108,23.319,32200027
t29_usmP1SI,TZ,SIMP,SITZ,Female,Reproductive,Repro_Female,P1SITZ,B108,23.326,49902901
p62_smP2SO,PW,SOED,SOPW,Male,Reproductive,Repro_Male,P2SOPW,B109,23.326,98580213
t33_smP1SI,TZ,SIMP,SITZ,Female,Reproductive,Repro_Female,P1SITZ,B108,23.337,25696443
t18_usmP1SI,TZ,SIMP,SITZ,Female,Reproductive,Repro_Female,P1SITZ,B108,23.34,22836087
t59_smO2SI,TZ,SIMP,SITZ,Male,Non-repro,Non-repro_Male,O2SITZ,B108,23.344,27728009
t18_usmP1SI,TZ,SIMP,SITZ,Female,Reproductive,Repro_Female,P1SITZ,B110,23.436,29745580
t22_usmP2SI,TZ,SIMP,SITZ,Male,Reproductive,Repro_Male,P2SITZ,B108,23.45,82015822
t17_smP1SI,TZ,SIMP,SITZ,Female,Reproductive,Repro_Female,P1SITZ,B108,23.458,52855616
d61_smP1SI,DM,SIMP,SIDM,Female,Reproductive,Repro_Female,P1SIDM,B108,23.465,426539484
d37_smP1SI,DM,SIMP,SIDM,Female,Reproductive,Repro_Female,P1SIDM,B108,23.472,95889322
d71_smP1SI,DM,SIMP,SIDM,Female,Reproductive,Repro_Female,P1SIDM,B108,23.472,87272478
d15_smP1SO,DM,SOED,SODM,Female,Reproductive,Repro_Female,P1SODM,B108,23.472,49359448
t22_usmP2SI,TZ,SIMP,SITZ,Male,Reproductive,Repro_Male,P2SITZ,B111,23.546,60551340
t31_smO1SI,TZ,SIMP,SITZ,Female,Non-repro,Non-repro_Female,O1SITZ,B111,23.549,32778205
t17_smP1SI,TZ,SIMP,SITZ,Female,Reproductive,Repro_Female,P1SITZ,B111,23.561,57208389
t60_smJ2SI,TZ,SIMP,SITZ,Male,Non-repro,Non-repro_Male,J2SITZ,B112,23.759,30857207
t62_smO2SI,TZ,SIMP,SITZ,Male,Non-repro,Non-repro_Male,O2SITZ,B112,23.759,47436978
p68_smO2SO,PW,SOED,SOPW,Male,Non-repro,Non-repro_Male,O2SOPW,B113,23.762,28837094
p62_smP2SO,PW,SOED,SOPW,Male,Reproductive,Repro_Male,P2SOPW,B114,23.769,48899219
t39_smO1SI,TZ,SIMP,SITZ,Female,Non-repro,Non-repro_Female,O1SITZ,B112,23.773,70336779
t57_usmO1SI,TZ,SIMP,SITZ,Female,Non-repro,Non-repro_Female,O1SITZ,B112,23.773,162344370
t40_smJ1SI,TZ,SIMP,SITZ,Female,Non-repro,Non-repro_Female,J1SITZ,B112,23.78,35028162
p66_smJ2SO,PW,SOED,SOPW,Male,Non-repro,Non-repro_Male,J2SOPW,B113,23.78,20571595
t38_smO1SI,TZ,SIMP,SITZ,Female,Non-repro,Non-repro_Female,O1SITZ,B112,23.787,397915124
t59_smO2SI,TZ,SIMP,SITZ,Male,Non-repro,Non-repro_Male,O2SITZ,B112,23.787,76644930
p32_smP1SO,PW,SOED,SOPW,Female,Reproductive,Repro_Female,P1SOPW,B115,23.837,71125124
t22_usmP2SI,TZ,SIMP,SITZ,Male,Reproductive,Repro_Male,P2SITZ,B112,23.894,43197461
t44_usmP1SI,TZ,SIMP,SITZ,Female,Reproductive,Repro_Female,P1SITZ,B112,23.894,132846996
t31_smO1SI,TZ,SIMP,SITZ,Female,Non-repro,Non-repro_Female,O1SITZ,B112,23.897,82779070
t34_smP1SI,TZ,SIMP,SITZ,Female,Reproductive,Repro_Female,P1SITZ,B112,23.897,68431274
d19_smP1SO,DM,SOED,SODM,Female,Reproductive,Repro_Female,P1SODM,B112,23.905,196441333
d15_smP1SO,DM,SOED,SODM,Female,Reproductive,Repro_Female,P1SODM,B112,23.908,84628641
d35_usmP1SO,DM,SOED,SODM,Female,Reproductive,Repro_Female,P1SODM,B112,23.908,175148211
d37_smP1SI,DM,SIMP,SIDM,Female,Reproductive,Repro_Female,P1SIDM,B112,23.911,73161986
p28_smO1SO,PW,SOED,SOPW,Female,Non-repro,Non-repro_Female,O1SOPW,B112,23.911,133538213
p62_smP2SO,PW,SOED,SOPW,Male,Reproductive,Repro_Male,P2SOPW,B116,24.596,45636764
p66_smJ2SO,PW,SOED,SOPW,Male,Non-repro,Non-repro_Male,J2SOPW,B116,24.596,19576370
t29_usmP1SI,TZ,SIMP,SITZ,Female,Reproductive,Repro_Female,P1SITZ,B117,24.748,83332276
d61_smP1SI,DM,SIMP,SIDM,Female,Reproductive,Repro_Female,P1SIDM,B117,24.785,256255718
t62_smO2SI,TZ,SIMP,SITZ,Male,Non-repro,Non-repro_Male,O2SITZ,B118,24.844,63629124
t39_smO1SI,TZ,SIMP,SITZ,Female,Non-repro,Non-repro_Female,O1SITZ,B118,24.855,48244372
t57_usmO1SI,TZ,SIMP,SITZ,Female,Non-repro,Non-repro_Female,O1SITZ,B118,24.855,54299882
t59_smO2SI,TZ,SIMP,SITZ,Male,Non-repro,Non-repro_Male,O2SITZ,B118,24.869,40512612
t34_smP1SI,TZ,SIMP,SITZ,Female,Reproductive,Repro_Female,P1SITZ,B117,24.887,108714077
t31_smO1SI,TZ,SIMP,SITZ,Female,Non-repro,Non-repro_Female,O1SITZ,B118,24.979,37708568
p53_smO1SO,PW,SOED,SOPW,Female,Non-repro,Non-repro_Female,O1SOPW,B118,24.979,28065897
p68_smO2SO,PW,SOED,SOPW,Male,Non-repro,Non-repro_Male,O2SOPW,B118,24.982,49318747
t17_smP1SI,TZ,SIMP,SITZ,Female,Reproductive,Repro_Female,P1SITZ,B118,24.984,245756851
p32_smP1SO,PW,SOED,SOPW,Female,Reproductive,Repro_Female,P1SOPW,B118,24.986,60293731
p28_smO1SO,PW,SOED,SOPW,Female,Non-repro,Non-repro_Female,O1SOPW,B118,24.989,91716436
p62_smP2SO,PW,SOED,SOPW,Male,Reproductive,Repro_Male,P2SOPW,B118,24.993,66968053
p66_smJ2SO,PW,SOED,SOPW,Male,Non-repro,Non-repro_Male,J2SOPW,B118,24.993,53665617
p63_smP2SO,PW,SOED,SOPW,Male,Reproductive,Repro_Male,P2SOPW,B118b,25.188,26522923
d61_smP1SI,DM,SIMP,SIDM,Female,Reproductive,Repro_Female,P1SIDM,B119,25.225,254466766
p49_smO1SO,PW,SOED,SOPW,Female,Non-repro,Non-repro_Female,O1SOPW,B119,25.245,83979908
p15_smP1SO,PW,SOED,SOPW,Female,Reproductive,Repro_Female,P1SOPW,B119,25.248,194205065
p32_smP1SO,PW,SOED,SOPW,Female,Reproductive,Repro_Female,P1SOPW,B119,25.248,84780534
p28_smO1SO,PW,SOED,SOPW,Female,Non-repro,Non-repro_Female,O1SOPW,B119,25.255,314554599
t60_smJ2SI,TZ,SIMP,SITZ,Male,Non-repro,Non-repro_Male,J2SITZ,B120,25.617,26494844
t62_smO2SI,TZ,SIMP,SITZ,Male,Non-repro,Non-repro_Male,O2SITZ,B120,25.621,26429535
t18_usmP1SI,TZ,SIMP,SITZ,Female,Reproductive,Repro_Female,P1SITZ,B120,25.635,34358430
t31_smO1SI,TZ,SIMP,SITZ,Female,Non-repro,Non-repro_Female,O1SITZ,B120,25.755,40267549
t22_usmP2SI,TZ,SIMP,SITZ,Male,Reproductive,Repro_Male,P2SITZ,B120,25.756,74139639
t60_smJ2SI,TZ,SIMP,SITZ,Male,Non-repro,Non-repro_Male,J2SITZ,B121,26.181,33908561
t62_smO2SI,TZ,SIMP,SITZ,Male,Non-repro,Non-repro_Male,O2SITZ,B121,26.185,41710282
t29_usmP1SI,TZ,SIMP,SITZ,Female,Reproductive,Repro_Female,P1SITZ,B121,26.192,51902651
t57_usmO1SI,TZ,SIMP,SITZ,Female,Non-repro,Non-repro_Female,O1SITZ,B121,26.195,45176094
t33_smP1SI,TZ,SIMP,SITZ,Female,Reproductive,Repro_Female,P1SITZ,B121,26.199,35409091
t40_smJ1SI,TZ,SIMP,SITZ,Female,Non-repro,Non-repro_Female,J1SITZ,B121,26.199,33518826
t39_smO1SI,TZ,SIMP,SITZ,Female,Non-repro,Non-repro_Female,O1SITZ,B121,26.202,32186298
t18_usmP1SI,TZ,SIMP,SITZ,Female,Reproductive,Repro_Female,P1SITZ,B121,26.207,37862928
t59_smO2SI,TZ,SIMP,SITZ,Male,Non-repro,Non-repro_Male,O2SITZ,B121,26.213,40911808
t22_usmP2SI,TZ,SIMP,SITZ,Male,Reproductive,Repro_Male,P2SITZ,B121,26.323,102307880
t31_smO1SI,TZ,SIMP,SITZ,Female,Non-repro,Non-repro_Female,O1SITZ,B121,26.326,101634953
p62_smP2SO,PW,SOED,SOPW,Male,Reproductive,Repro_Male,P2SOPW,B121,26.334,67281103
d35_usmP1SO,DM,SOED,SODM,Female,Reproductive,Repro_Female,P1SODM,B121,26.347,177275422
d37_smP1SI,DM,SIMP,SIDM,Female,Reproductive,Repro_Female,P1SIDM,B121,26.348,45272154
d15_smP1SO,DM,SOED,SODM,Female,Reproductive,Repro_Female,P1SODM,B121,26.348,90432903
d19_smP1SO,DM,SOED,SODM,Female,Reproductive,Repro_Female,P1SODM,B121,26.35,142663626
p28_smO1SO,PW,SOED,SOPW,Female,Non-repro,Non-repro_Female,O1SOPW,B122,28.167,167782491
t29_usmP1SI,TZ,SIMP,SITZ,Female,Reproductive,Repro_Female,P1SITZ,B123,28.178,58742399
t22_usmP2SI,TZ,SIMP,SITZ,Male,Reproductive,Repro_Male,P2SITZ,B123,28.331,99467408
p29_smP1SO,PW,SOED,SOPW,Female,Reproductive,Repro_Female,P1SOPW,B123,28.426,128118101
p62_smP2SO,PW,SOED,SOPW,Male,Reproductive,Repro_Male,P2SOPW,B123,28.437,37131019
p28_smO1SO,PW,SOED,SOPW,Female,Non-repro,Non-repro_Female,O1SOPW,B124,29.036,66660673
d35_usmP1SO,DM,SOED,SODM,Female,Reproductive,Repro_Female,P1SODM,B124,29.059,117816066
t59_smO2SI,TZ,SIMP,SITZ,Male,Non-repro,Non-repro_Male,O2SITZ,B125,29.888,19381069
t62_smO2SI,TZ,SIMP,SITZ,Male,Non-repro,Non-repro_Male,O2SITZ,B125,30.034,35515703
t60_smJ2SI,TZ,SIMP,SITZ,Male,Non-repro,Non-repro_Male,J2SITZ,B125,30.037,43827940
d15_smP1SO,DM,SOED,SODM,Female,Reproductive,Repro_Female,P1SODM,B126,30.043,54283890
t39_smO1SI,TZ,SIMP,SITZ,Female,Non-repro,Non-repro_Female,O1SITZ,B125,30.047,32173767
d19_smP1SO,DM,SOED,SODM,Female,Reproductive,Repro_Female,P1SODM,B126,30.047,79137169
t59_smO2SI,TZ,SIMP,SITZ,Male,Non-repro,Non-repro_Male,O2SITZ,B126,30.051,44409117
t57_usmO1SI,TZ,SIMP,SITZ,Female,Non-repro,Non-repro_Female,O1SITZ,B125,30.054,45292220
t44_usmP1SI,TZ,SIMP,SITZ,Female,Reproductive,Repro_Female,P1SITZ,B127,30.182,77346053
d35_usmP1SO,DM,SOED,SODM,Female,Reproductive,Repro_Female,P1SODM,B127,30.205,178113314
d19_smP1SO,DM,SOED,SODM,Female,Reproductive,Repro_Female,P1SODM,B127,30.211,142852999
d15_smP1SO,DM,SOED,SODM,Female,Reproductive,Repro_Female,P1SODM,B127,30.217,76774354
t29_usmP1SI,TZ,SIMP,SITZ,Female,Reproductive,Repro_Female,P1SITZ,B128,32.212,33901254
